film,actor
Batman Begins,Christian Bale
Batman Begins,Michael Caine
Batman Begins,Gary Oldman
Batman Begins,Morgan Freeman
Batman Begins,Cillian Murphy
Batman Begins,Ken Watanabe
The Prestige,Christian Bale
The Prestige,Michael Caine
The Dark Knight,Christian Bale
The Dark Knight,Michael Caine
The Dark Knight,Gary Oldman
The Dark Knight,Morgan Freeman
The Dark Knight,Cillian Murphy
Inception,Michael Caine
Inception,Cillian Murphy
Inception,Tom Hardy
Inception,Joseph Gordon-Levitt
Inception,Marion Cotillard
Inception,Ken Watanabe
The Dark Knight Rises,Christian Bale
The Dark Knight Rises,Michael Caine
The Dark Knight Rises,Gary Oldman
The Dark Knight Rises,Morgan Freeman
The Dark Knight Rises,Cillian Murphy
The Dark Knight Rises,Tom Hardy
The Dark Knight Rises,Anne Hathaway
The Dark Knight Rises,Joseph Gordon-Levitt
The Dark Knight Rises,Marion Cotillard
Interstellar,Michael Caine
Interstellar,Anne Hathaway
Interstellar,Matt Damon
Interstellar,Casey Affleck
Dunkirk,Cillian Murphy
Dunkirk,Tom Hardy
Dunkirk,Kenneth Branagh
Tenet,Michael Caine
Tenet,Kenneth Branagh
Oppenheimer,Cillian Murphy
Oppenheimer,Gary Oldman
Oppenheimer,Matt Damon
Oppenheimer,Casey Affleck
Oppenheimer,Kenneth Branagh
